Workbook

Sheet Data
C2: DBS | D2: Hours | E2: Task-Estimated | F2: 90 | G2: 60 | H2: 90 | I2: 60 | J2: 90 | K2: 60
E3: Task-Actual | F3: 90 | G3: 60 | H3: 90 | I3: 60 | J3: 90 | K3: 60
D4: Story Points | E4: Planned USP | F4: 9 | G4: 6 | H4: 9 | I4: 6 | J4: 9 | K4: 6
E5: Actual USP | F5: 9 | G5: 6 | H5: 9 | I5: 6 | J5: 9 | K5: 6
D6: Defects | E6: Valid | F6: 0 | G6: 1 | H6: 0 | I6: 1 | J6: 0 | K6: 1
E7: Found | F7: 0 | G7: 1 | H7: 0 | I7: 1 | J7: 0 | K7: 1
D8: Code Coverage | E8: Planned | F8: =F17 -> 0.8 | G8: =G17 -> 0.8 | H8: =H17 -> 0.8 | I8: =I17 -> 0.8 | J8: =J17 -> 0.8 | K8: =K17 -> 0.8
E9: Actual | F9: 0.9 | G9: =Data!I12 -> 0 | H9: 1 | I9: =Data!K12 -> 0 | J9: 0.7 | K9: =Data!M12 -> 0
D10: Capacity | E10: Available
E11: Consumed
C14: Master Data- Baseline | N14: 10 hrs per User Story points
D15: Productivity(Actual hrs/Actual USP) | F15: 10 | G15: 10 | H15: 10 | I15: 10 | J15: 10 | K15: 10 | N15: 6 hrs per day team productivity
D16: Internal Defect Density(Valid defects/Actual USP) | F16: 0.1 | G16: 0.1 | H16: 0.1 | I16: 0.1 | J16: 0.1 | K16: 0.1 | N16: Code Coverage 80%
D17: Code Coverage | F17: 0.8 | G17: 0.8 | H17: 0.8 | I17: 0.8 | J17: 0.8 | K17: 0.8
D18: Schedule Variance(actualUSP-planned USP) | F18: 0 | G18: 0 | H18: 0 | I18: 0 | J18: 0 | K18: 0
D19: Productivity Efforts (Planned Hrs- Actual Hrs) | F19: 0 | G19: 0 | H19: 0 | I19: 0 | J19: 0 | K19: 0
D20: Efforts Utilization(Actual Hours/Idle Capacity) | F20: 1 | G20: 1 | H20: 1 | I20: 1 | J20: 1 | K20: 1

Sheet BuHu
K2: Team Productivity( Actual Hrs/US completed)
B3: Phase | C3: Activity | D3: Week | E3: Week | F3: Week | G3: Week | H3: Week | I3: Week | K3: Planned | L3: =Data!F15 -> 10 | M3: =Data!G15 -> 10 | N3: =Data!H15 -> 10 | O3: =Data!I15 -> 10 | P3: =Data!J15 -> 10 | Q3: =Data!K15 -> 10
D4: 1 | E4: 2 | F4: 3 | G4: 4 | H4: 5 | I4: 6 | K4: Actual | L4: =D19 -> 10 | M4: =E19 -> 6.6666667 | N4: =F19 -> 10 | O4: =G19 -> 6.6666667 | P4: =H19 -> 10 | Q4: =I19 -> 6.6666667
B7: PSI Planning | C7: Planned USP at the start of the Week | D7: =Data!F4 -> 9 | E7: 9 | F7: 9 | G7: 9 | H7: 9 | I7: 9
C8: Planned Hrs at the start of the Week | D8: =Data!F2 -> 90 | E8: =Data!G2 -> 60 | F8: =Data!H2 -> 90 | G8: =Data!I2 -> 60 | H8: =Data!J2 -> 90 | I8: =Data!K2 -> 60
C9: Idle capacity at the start of the week | D9: 50 | E9: 50 | F9: 50 | G9: 50 | H9: 50 | I9: 50
B12: Sprint Execution | C12: Actual USP completedat the end of the Week | D12: 9 | E12: 9 | F12: 9 | G12: 9 | H12: 9 | I12: 9
C13: Actual Hrs at the end of the Week | D13: =Data!F3 -> 90 | E13: =Data!G3 -> 60 | F13: =Data!H3 -> 90 | G13: =Data!I3 -> 60 | H13: =Data!J3 -> 90 | I13: =Data!K3 -> 60
C14: Total Number Of Valid defects in Week | D14: =Data!F5 -> 9 | E14: =Data!G5 -> 6 | F14: =Data!H5 -> 9 | G14: =Data!I5 -> 6 | H14: =Data!J5 -> 9 | I14: =Data!K5 -> 6
C15: Actual Code Coverage (Sonar) | D15: =Data!F9 -> 0.9 | E15: =Data!G9 -> 0 | F15: =Data!H9 -> 1 | G15: =Data!I9 -> 0 | H15: =Data!J9 -> 0.7 | I15: =Data!K9 -> 0
B19: Inspect and Adapt | C19: Productivity(Actual hrs/Actual USP) | D19: =D13/D12 -> 10 | E19: =E13/E12 -> 6.6666667 | F19: =F13/F12 -> 10 | G19: =G13/G12 -> 6.6666667 | H19: =H13/H12 -> 10 | I19: =I13/I12 -> 6.6666667
C20: Internal Defect Density(Valid defects/Actual USP) | D20: =D14/D12 -> 1 | E20: =E14/E12 -> 0.66666667 | F20: =F14/F12 -> 1 | G20: =G14/G12 -> 0.66666667 | H20: =H14/H12 -> 1 | I20: =I14/I12 -> 0.66666667
C21: Schedule Variance(actualUSP-planned USP) | D21: =D12-D7 -> 0 | E21: =E12-E7 -> 0 | F21: =F12-F7 -> 0 | G21: =G12-G7 -> 0 | H21: =H12-H7 -> 0 | I21: =I12-I7 -> 0
C22: Productivity Efforts (Planned Hrs- Actual Hrs) | D22: =D8-D13 -> 0 | E22: =E8-E13 -> 0 | F22: =F8-F13 -> 0 | G22: =G8-G13 -> 0 | H22: =H8-H13 -> 0 | I22: =I8-I13 -> 0 | K22: Internal Defect Density( Valid Defect/US Completed)
C23: Efforts Utilization(Actual Hours/Idle Capacity) | D23: =D13/D9 -> 1.8 | E23: =E13/E9 -> 1.2 | F23: =F13/F9 -> 1.8 | G23: =G13/G9 -> 1.2 | H23: =H13/H9 -> 1.8 | I23: =I13/I9 -> 1.2
K24: Planned | L24: =Data!F16 -> 0.1 | M24: =Data!G16 -> 0.1 | N24: =Data!H16 -> 0.1 | O24: =Data!I16 -> 0.1 | P24: =Data!J16 -> 0.1 | Q24: =Data!K16 -> 0.1
K25: Actual | L25: =D20 -> 1 | M25: =E20 -> 0.66666667 | N25: =F20 -> 1 | O25: =G20 -> 0.66666667 | P25: =H20 -> 1 | Q25: =I20 -> 0.66666667
K40: Schedule Slipage( actual USP-planned USP)
K41: Planned | L41: =Data!F18 -> 0 | M41: =Data!G18 -> 0 | N41: =Data!H18 -> 0 | O41: =Data!I18 -> 0 | P41: =Data!J18 -> 0 | Q41: =Data!K18 -> 0
K42: Actual | L42: =D21 -> 0 | M42: =E21 -> 0 | N42: =F21 -> 0 | O42: =G21 -> 0 | P42: =H21 -> 0 | Q42: =I21 -> 0
K58: Productivity Efforts( planned hrs-actual hrs)
K59: Planned | L59: =Data!F19 -> 0 | M59: =Data!G19 -> 0 | N59: =Data!H19 -> 0 | O59: =Data!I19 -> 0 | P59: =Data!J19 -> 0 | Q59: =Data!K19 -> 0
K60: Actual | L60: =D22 -> 0 | M60: =E22 -> 0 | N60: =F22 -> 0 | O60: =G22 -> 0 | P60: =H22 -> 0 | Q60: =I22 -> 0
K75: Sonar Code Coverage( actual-planned)
K76: Planned | L76: =Data!F17 -> 0.8 | M76: =Data!G17 -> 0.8 | N76: =Data!H17 -> 0.8 | O76: =Data!I17 -> 0.8 | P76: =Data!J17 -> 0.8 | Q76: =Data!K17 -> 0.8
K77: Actual | L77: =D15 -> 0.9 | M77: =E15 -> 0 | N77: =F15 -> 1 | O77: =G15 -> 0 | P77: =H15 -> 0.7 | Q77: =I15 -> 0
K93: Efforts Utilization(Actual Hours/Idle Capacity)
K94: Planned | L94: =Data!F20 -> 1 | M94: =Data!G20 -> 1 | N94: =Data!H20 -> 1 | O94: =Data!I20 -> 1 | P94: =Data!J20 -> 1 | Q94: =Data!K20 -> 1
K95: Actual | L95: =D23 -> 1.8 | M95: =E23 -> 1.2 | N95: =F23 -> 1.8 | O95: =G23 -> 1.2 | P95: =H23 -> 1.8 | Q95: =I23 -> 1.2

Sheet Capacity Planning
A1: Consultant Name | B1: Role | C1: % Allocation | D1: Business Hours/Day | E1: Sprint Duration | F1: Holiday/Leave | G1: Available Hours/Sprint | H1: Ceremonies Time(7%) | I1: Available Hours (after ceremonies) | J1: Idle Hours 80% | K1: Idle Number Of Days
A2: Dev1 | B2: Dev | C2: 100 | D2: 8 | E2: 10 | F2: 1 | G2: =D2*(E2-F2)*C2/100 -> 72 | H2: =G2*7/100 -> 5.04 | I2: =G2-H2 -> 66.96 | J2: =I2*80/100 -> 53.568 | K2: =J2/8 -> 6.696
A3: Dev2 | B3: Dev | C3: 100 | D3: 8 | E3: 10 | F3: 1 | G3: =D3*(E3-F3)*C3/100 -> 72 | H3: =G3*7/100 -> 5.04 | I3: =G3-H3 -> 66.96 | J3: =I3*80/100 -> 53.568 | K3: =J3/8 -> 6.696
A4: Dev3 | B4: Dev | C4: 100 | D4: 8 | E4: 10 | F4: 2 | G4: =D4*(E4-F4)*C4/100 -> 64 | H4: =G4*7/100 -> 4.48 | I4: =G4-H4 -> 59.52 | J4: =I4*80/100 -> 47.616 | K4: =J4/8 -> 5.952
A5: Dev4 | B5: Dev | C5: 100 | D5: 8 | E5: 10 | F5: 0 | G5: =D5*(E5-F5)*C5/100 -> 80 | H5: =G5*7/100 -> 5.6 | I5: =G5-H5 -> 74.4 | J5: =I5*80/100 -> 59.52 | K5: =J5/8 -> 7.44
A6: PO | B6: PO | C6: 50 | D6: 8 | E6: 10 | F6: 0 | G6: =D6*(E6-F6)*C6/100 -> 40 | H6: =G6*7/100 -> 2.8 | I6: =G6-H6 -> 37.2 | J6: =I6*80/100 -> 29.76 | K6: =J6/8 -> 3.72
A7: SM | B7: SM | C7: 25 | D7: 8 | E7: 10 | F7: 0 | G7: =D7*(E7-F7)*C7/100 -> 20 | H7: =G7*7/100 -> 1.4 | I7: =G7-H7 -> 18.6 | J7: =I7*80/100 -> 14.88 | K7: =J7/8 -> 1.86
H8: =G8*7/100 -> 0 | I8: =G8-H8 -> 0 | J8: =I8*80/100 -> 0 | K8: =J8/8 -> 0
A13: Total | E13: =SUM(E2:E7) -> 60 | F13: =SUM(F2:F7) -> 4 | G13: =SUM(G2:G7) -> 348 | H13: =SUM(H2:H7) -> 24.36 | I13: =SUM(I2:I7) -> 323.64 | J13: =SUM(J2:J7) -> 258.912 | K13: =SUM(K2:K7) -> 32.364

Sheet Sheet1
A1: Velocity- How much value we deliver per sprint?
A2: Capacity- How much efforts can we expend in a Sprint?
A3: Focus Factor- What percentage of our efforts becomes values?
A4: Productive Hours?
A5: Estimated Accuracy?
A6: Forecast Accuracy?
A7: Velocity Increase?
