Workbook

Sheet Data
C2: BuHu | D2: Hours | E2: Task-Estimated | F2: 90 | G2: 60 | H2: 90 | I2: 60 | J2: 90 | K2: 60
E3: Task-Actual | F3: 90 | G3: 60 | H3: 90 | I3: 60 | J3: 90 | K3: 60
D4: Story Points | E4: Planned USP | F4: 9 | G4: 6 | H4: 9 | I4: 6 | J4: 9 | K4: 6
E5: Actual USP | F5: 9 | G5: 6 | H5: 9 | I5: 6 | J5: 9 | K5: 6
D6: Defects | E6: Valid | F6: 0 | G6: 1 | H6: 0 | I6: 1 | J6: 0 | K6: 1
E7: Found | F7: 0 | G7: 1 | H7: 0 | I7: 1 | J7: 0 | K7: 1
D8: Code Coverage | E8: Planned | F8: =F15 -> 0.8 | G8: =G15 -> 0.8 | H8: =H15 -> 0.8 | I8: =I15 -> 0.8 | J8: =J15 -> 0.8 | K8: =K15 -> 0.8
E9: Actual | F9: 0.9 | G9: =Data!I10 -> 0 | H9: 1 | I9: =Data!K10 -> 0 | J9: 0.7 | K9: =Data!M10 -> 0
C12: Master Data | N12: 10 hrs per User Story points
D13: Productivity(hrs/usp) | F13: 10 | G13: 10 | H13: 10 | I13: 10 | J13: 10 | K13: 10 | N13: 6 hrs per day team productivity
D14: Internal Defect Density(Valid defects/Actual USP) | F14: 0.1 | G14: 0.1 | H14: 0.1 | I14: 0.1 | J14: 0.1 | K14: 0.1 | N14: Code Coverage 80%
D15: Code Coverage | F15: 0.8 | G15: 0.8 | H15: 0.8 | I15: 0.8 | J15: 0.8 | K15: 0.8
D16: Schedule Variance | F16: 0 | G16: 0 | H16: 0 | I16: 0 | J16: 0 | K16: 0
D17: Productivity Efforts (Planned Hrs- Actual Hrs) | F17: 0 | G17: 0 | H17: 0 | I17: 0 | J17: 0 | K17: 0

Sheet BuHu
K2: Team Productivity( Actual Hrs/US completed)
B3: Phase | C3: Activity | D3: Week | E3: Week | F3: Week | G3: Week | H3: Week | I3: Week | K3: Planned | L3: =Data!F13 -> 10 | M3: =Data!G13 -> 10 | N3: =Data!H13 -> 10 | O3: =Data!I13 -> 10 | P3: =Data!J13 -> 10 | Q3: =Data!K13 -> 10
D4: 1 | E4: 2 | F4: 3 | G4: 4 | H4: 5 | I4: 6 | K4: Actual | L4: =D17 -> 10 | M4: =E17 -> 10 | N4: =F17 -> 10 | O4: =G17 -> 10 | P4: =H17 -> 10 | Q4: =I17 -> 10
B7: PSI Planning | C7: Planned USP at the start of the Week | D7: =Data!F4 -> 9 | E7: =Data!G4 -> 6 | F7: =Data!H4 -> 9 | G7: =Data!I4 -> 6 | H7: =Data!J4 -> 9 | I7: =Data!K4 -> 6
C8: Planned Hrs at the start of the Week | D8: =Data!F2 -> 90 | E8: =Data!G2 -> 60 | F8: =Data!H2 -> 90 | G8: =Data!I2 -> 60 | H8: =Data!J2 -> 90 | I8: =Data!K2 -> 60
B11: Sprint Execution | C11: Total Number Of Valid defects in Week | D11: =Data!F6 -> 0 | E11: =Data!G6 -> 1 | F11: =Data!H6 -> 0 | G11: =Data!I6 -> 1 | H11: =Data!J6 -> 0 | I11: =Data!K6 -> 1
C12: Actual Hrs at the end of the Week | D12: =Data!F3 -> 90 | E12: =Data!G3 -> 60 | F12: =Data!H3 -> 90 | G12: =Data!I3 -> 60 | H12: =Data!J3 -> 90 | I12: =Data!K3 -> 60
C13: Actual USP completedat the end of the Week | D13: =Data!F5 -> 9 | E13: =Data!G5 -> 6 | F13: =Data!H5 -> 9 | G13: =Data!I5 -> 6 | H13: =Data!J5 -> 9 | I13: =Data!K5 -> 6
C14: Code Coverage (Sonar) | D14: =Data!F9 -> 0.9 | E14: =Data!G9 -> 0 | F14: =Data!H9 -> 1 | G14: =Data!I9 -> 0 | H14: =Data!J9 -> 0.7 | I14: =Data!K9 -> 0
B17: Inspect and Adapt | C17: Actual Team Productivity | D17: =D12/D13 -> 10 | E17: =E12/E13 -> 10 | F17: =F12/F13 -> 10 | G17: =G12/G13 -> 10 | H17: =H12/H13 -> 10 | I17: =I12/I13 -> 10
C18: Actual Defect Density | D18: =D11/D13 -> 0 | E18: =E11/E13 -> 0.16666667 | F18: =F11/F13 -> 0 | G18: =G11/G13 -> 0.16666667 | H18: =H11/H13 -> 0 | I18: =I11/I13 -> 0.16666667
C19: Schedule Variance( actual-planned) | D19: =D13-D7 -> 0 | E19: =E13-E7 -> 0 | F19: =F13-F7 -> 0 | G19: =G13-G7 -> 0 | H19: =H13-H7 -> 0 | I19: =I13-I7 -> 0
C20: Productivity Efforts( planned hours-actual hrs) | D20: =D8-D12 -> 0 | E20: =E8-E12 -> 0 | F20: =F8-F12 -> 0 | G20: =G8-G12 -> 0 | H20: =H8-H12 -> 0 | I20: =I8-I12 -> 0 | K20: Defect Density( Valid Defect/US Completed)
K21: Planned | L21: =Data!F14 -> 0.1 | M21: =Data!G14 -> 0.1 | N21: =Data!H14 -> 0.1 | O21: =Data!I14 -> 0.1 | P21: =Data!J14 -> 0.1 | Q21: =Data!K14 -> 0.1
K22: Actual | L22: =D18 -> 0 | M22: =E18 -> 0.16666667 | N22: =F18 -> 0 | O22: =G18 -> 0.16666667 | P22: =H18 -> 0 | Q22: =I18 -> 0.16666667
K37: Schedule Slipage( actual USP-planned USP)
K38: Planned | L38: =D7 -> 9 | M38: =E7 -> 6 | N38: =F7 -> 9 | O38: =G7 -> 6 | P38: =H7 -> 9 | Q38: =I7 -> 6
K39: Actual | L39: =D13 -> 9 | M39: =E13 -> 6 | N39: =F13 -> 9 | O39: =G13 -> 6 | P39: =H13 -> 9 | Q39: =I13 -> 6
K55: Productivity Efforts( planned hrs-actual hrs)
K56: Planned | L56: =D8 -> 90 | M56: =E8 -> 60 | N56: =F8 -> 90 | O56: =G8 -> 60 | P56: =H8 -> 90 | Q56: =I8 -> 60
K57: Actual | L57: =D12 -> 90 | M57: =E12 -> 60 | N57: =F12 -> 90 | O57: =G12 -> 60 | P57: =H12 -> 90 | Q57: =I12 -> 60
K72: Sonar Code Coverage( actual-planned)
K73: Planned | L73: =Data!F15 -> 0.8 | M73: =Data!G15 -> 0.8 | N73: =Data!H15 -> 0.8 | O73: =Data!I15 -> 0.8 | P73: =Data!J15 -> 0.8 | Q73: =Data!K15 -> 0.8
K74: Actual | L74: =D14 -> 0.9 | M74: =E14 -> 0 | N74: =F14 -> 1 | O74: =G14 -> 0 | P74: =H14 -> 0.7 | Q74: =I14 -> 0

Sheet Jira
A4: Week | B4: US id | C4: Task Id | D4: Subtask Id | E4: Planned Hrs | F4: Actual Hrs | G4: Assigned to | H4: remark
A5: 1 | B5: ES-463
A6: 1 | D6: 487 | G6: Neha Jain | H6: Database setup changed, Offshore team stuck because they were not aware about that.
A7: 1 | D7: 488 | G7: Neha Jain
A8: 1 | D8: 489 | G8: Tushar Bhardwaj
A9: 1 | D9: 490 | G9: Tushar Bhardwaj
A10: 1 | D10: 491 | G10: Poonam Malwal
D11: 492 | G11: Poonam Malwal
